Date,Facebook Ad Campaign,Facebook Ad Views,Facebook Ad Clicks,Facebook Ad Conversions,Cost per Facebook Ad,Facebook Click-Through Rate (Clicks / View),Facebook Conversion Rate (Conversions / Clicks),Facebook Cost per Click (Ad Cost / Clicks),AdWords Ad Campaign,AdWords Ad Views,AdWords Ad Clicks,AdWords Ad Conversions,Cost per AdWords Ad,AdWords Click-Through Rate (Clicks / View),AdWords Conversion Rate (Conversions / Click),AdWords Cost per Click (Ad Cost / Clicks)
2020-01-01,FB_Jan20,2199,17,8,$126,0.77%,47.06%,$7.41,AW_Jan20,4747,63,5,$194,1.18%,8.40%,$3.30
2020-01-02,FB_Jan20,3395,36,13,$104,1.06%,36.11%,$2.89,AW_Jan20,3712,69,6,$75,1.77%,7.80%,$1.05
2020-01-03,FB_Jan20,2952,27,9,$102,0.91%,33.33%,$3.78,AW_Jan20,3586,42,4,$141,1.13%,9.59%,$3.23
2020-01-04,FB_Jan20,1196,28,9,$71,2.34%,32.14%,$2.54,AW_Jan20,3695,52,5,$141,1.26%,11.08%,$2.86
2020-01-05,FB_Jan20,1392,14,7,$78,1.01%,50.00%,$5.57,AW_Jan20,3733,51,8,$133,1.36%,12.22%,$2.40
2020-01-06,FB_Jan20,1907,40,10,$113,2.10%,25.00%,$2.83,AW_Jan20,3839,46,4,$135,1.25%,6.97%,$2.65
2020-01-07,FB_Jan20,3174,47,15,$37,1.48%,31.91%,$0.79,AW_Jan20,3914,70,7,$90,1.72%,11.07%,$1.37
2020-01-08,FB_Jan20,3072,46,13,$105,1.50%,28.26%,$2.28,AW_Jan20,5336,64,4,$153,1.34%,6.45%,$2.22
2020-01-09,FB_Jan20,2288,34,12,$96,1.49%,35.29%,$2.82,AW_Jan20,3786,88,9,$140,2.12%,11.12%,$1.71
2020-01-10,FB_Jan20,1833,40,13,$62,2.18%,32.50%,$1.55,AW_Jan20,5338,52,5,$147,0.98%,11.19%,$3.03
2020-01-11,FB_Jan20,1992,46,15,$41,2.31%,32.61%,$0.89,AW_Jan20,4107,54,7,$84,1.33%,11.91%,$1.46
2020-01-12,FB_Jan20,1566,61,13,$123,3.90%,21.31%,$2.02,AW_Jan20,4970,75,8,$177,1.25%,12.37%,$2.61
2020-01-13,FB_Jan20,1664,43,12,$88,2.58%,27.91%,$2.05,AW_Jan20,3904,79,7,$158,1.93%,8.63%,$1.91
2020-01-14,FB_Jan20,1639,43,10,$67,2.62%,23.26%,$1.56,AW_Jan20,3710,77,9,$91,1.92%,11.41%,$1.16
2020-01-15,FB_Jan20,1556,54,12,$59,3.47%,22.22%,$1.09,AW_Jan20,3713,39,3,$165,0.91%,7.76%,$4.55
2020-01-16,FB_Jan20,2252,33,7,$92,1.47%,21.21%,$2.79,AW_Jan20,4152,44,6,$96,1.21%,13.41%,$2.02
2020-01-17,FB_Jan20,2993,27,9,$102,0.90%,33.33%,$3.78,AW_Jan20,5039,55,5,$130,1.02%,8.82%,$2.49
2020-01-18,FB_Jan20,1789,41,14,$95,2.29%,34.15%,$2.32,AW_Jan20,5258,46,6,$167,0.90%,13.20%,$3.43
2020-01-19,FB_Jan20,2950,32,7,$67,1.08%,21.88%,$2.09,AW_Jan20,4801,73,4,$165,1.55%,6.47%,$2.42
2020-01-20,FB_Jan20,2708,51,12,$66,1.88%,23.53%,$1.29,AW_Jan20,4199,77,7,$119,1.77%,8.71%,$1.47
2020-01-21,FB_Jan20,2278,36,9,$97,1.58%,25.00%,$2.69,AW_Jan20,5655,49,3,$188,0.94%,7.02%,$3.81
2020-01-22,FB_Jan20,3369,43,12,$102,1.28%,27.91%,$2.37,AW_Jan20,5095,46,4,$148,0.88%,9.65%,$3.43
2020-01-23,FB_Jan20,1827,27,10,$85,1.48%,37.04%,$3.15,AW_Jan20,5544,64,7,$112,1.15%,11.38%,$1.79
2020-01-24,FB_Jan20,1867,41,11,$106,2.20%,26.83%,$2.59,AW_Jan20,3715,73,6,$151,2.08%,7.51%,$1.89
2020-01-25,FB_Jan20,1558,50,14,$50,3.21%,28.00%,$1.00,AW_Jan20,4057,46,7,$141,1.34%,15.05%,$2.82
2020-01-26,FB_Jan20,1681,23,6,$89,1.37%,26.09%,$3.87,AW_Jan20,5001,56,4,$177,0.96%,6.88%,$3.32
2020-01-27,FB_Jan20,2054,46,11,$111,2.24%,23.91%,$2.41,AW_Jan20,5473,76,6,$126,1.40%,7.59%,$1.64
2020-01-28,FB_Jan20,2874,57,14,$51,1.98%,24.56%,$0.89,AW_Jan20,4519,41,7,$171,1.06%,16.40%,$3.90
2020-01-29,FB_Jan20,1205,42,12,$43,3.49%,28.57%,$1.02,AW_Jan20,4943,80,8,$82,1.63%,10.14%,$1.05
2020-01-30,FB_Jan20,2682,27,12,$84,1.01%,44.44%,$3.11,AW_Jan20,5233,40,5,$95,0.74%,12.11%,$2.25
2020-01-31,FB_Jan20,2232,30,7,$82,1.34%,23.33%,$2.73,AW_Jan20,4291,51,4,$192,1.12%,6.98%,$3.80
2020-02-01,FB_Feb20,2315,25,9,$86,1.08%,36.00%,$3.44,AW_Feb20,4392,70,6,$113,1.78%,7.78%,$1.56
2020-02-02,FB_Feb20,2929,25,7,$94,0.85%,28.00%,$3.76,AW_Feb20,5183,79,6,$93,1.59%,7.62%,$1.21
2020-02-03,FB_Feb20,2276,24,11,$143,1.05%,45.83%,$5.96,AW_Feb20,4431,43,5,$112,0.93%,12.29%,$2.71
2020-02-04,FB_Feb20,1867,52,13,$48,2.79%,25.00%,$0.92,AW_Feb20,4480,50,5,$147,1.17%,11.15%,$3.02
2020-02-05,FB_Feb20,1241,42,11,$107,3.38%,26.19%,$2.55,AW_Feb20,4034,79,9,$98,1.87%,11.41%,$1.26
2020-02-06,FB_Feb20,2170,31,9,$110,1.43%,29.03%,$3.55,AW_Feb20,4560,68,7,$133,1.57%,10.77%,$1.92
2020-02-07,FB_Feb20,2933,34,9,$61,1.16%,26.47%,$1.79,AW_Feb20,5159,56,7,$171,1.22%,11.87%,$2.93
2020-02-08,FB_Feb20,1183,42,13,$86,3.55%,30.95%,$2.05,AW_Feb20,5151,47,4,$120,0.87%,9.18%,$2.51
2020-02-09,FB_Feb20,2782,39,12,$64,1.40%,30.77%,$1.64,AW_Feb20,4510,46,4,$100,1.05%,9.54%,$2.26
2020-02-10,FB_Feb20,2311,35,11,$92,1.51%,31.43%,$2.63,AW_Feb20,4200,43,5,$136,0.94%,11.95%,$3.14
2020-02-11,FB_Feb20,1663,27,9,$129,1.62%,33.33%,$4.78,AW_Feb20,4408,75,8,$132,1.48%,10.67%,$1.87
2020-02-12,FB_Feb20,3275,52,17,$121,1.59%,32.69%,$2.33,AW_Feb20,5297,68,5,$130,1.45%,6.35%,$1.75
2020-02-13,FB_Feb20,2863,42,10,$34,1.47%,23.81%,$0.81,AW_Feb20,4882,76,5,$113,1.62%,6.35%,$1.52
2020-02-14,FB_Feb20,2562,29,8,$53,1.13%,27.59%,$1.83,AW_Feb20,4914,88,8,$102,1.54%,10.01%,$1.27
2020-02-15,FB_Feb20,2094,42,10,$84,2.01%,23.81%,$2.00,AW_Feb20,3798,39,3,$104,0.97%,7.49%,$2.57
2020-02-16,FB_Feb20,3085,24,6,$53,0.78%,25.00%,$2.21,AW_Feb20,3968,63,8,$154,1.45%,12.97%,$2.46
2020-02-17,FB_Feb20,2642,34,9,$113,1.29%,26.47%,$3.32,AW_Feb20,3500,33,7,$172,0.94%,18.81%,$4.75
2020-02-18,FB_Feb20,3165,31,9,$115,0.98%,29.03%,$3.71,AW_Feb20,4595,73,7,$173,1.50%,9.05%,$2.34
2020-02-19,FB_Feb20,1465,47,11,$67,3.21%,23.40%,$1.43,AW_Feb20,5399,60,4,$155,1.12%,6.62%,$2.52
2020-02-20,FB_Feb20,2471,36,11,$46,1.46%,30.56%,$1.28,AW_Feb20,5020,62,8,$97,1.24%,11.01%,$1.46
2020-02-21,FB_Feb20,994,30,8,$104,3.02%,26.67%,$3.47,AW_Feb20,5066,69,7,$197,1.35%,11.29%,$3.10
2020-02-22,FB_Feb20,2934,53,10,$119,1.81%,18.87%,$2.25,AW_Feb20,5125,59,8,$136,1.29%,13.24%,$2.24
2020-02-23,FB_Feb20,1504,30,7,$118,1.99%,23.33%,$3.93,AW_Feb20,5533,74,5,$97,1.42%,6.34%,$1.31
2020-02-24,FB_Feb20,1019,46,15,$67,4.51%,32.61%,$1.46,AW_Feb20,5040,74,9,$144,1.46%,12.01%,$2.01
2020-02-25,FB_Feb20,3140,45,11,$70,1.43%,24.44%,$1.56,AW_Feb20,4476,53,4,$152,1.22%,6.94%,$2.94
2020-02-26,FB_Feb20,1641,38,12,$132,2.32%,31.58%,$3.47,AW_Feb20,5642,71,7,$131,1.20%,11.11%,$2.00
2020-02-27,FB_Feb20,1501,53,16,$112,3.53%,30.19%,$2.11,AW_Feb20,5232,44,7,$103,0.93%,15.56%,$2.17
2020-02-28,FB_Feb20,3179,53,11,$69,1.67%,20.75%,$1.30,AW_Feb20,3609,29,3,$152,0.81%,8.11%,$4.73
2020-03-01,FB_Mar20,3215,44,11,$93,1.37%,25.00%,$2.11,AW_Mar20,4745,70,4,$151,1.40%,6.46%,$2.21
2020-03-02,FB_Mar20,1741,60,14,$92,3.45%,23.33%,$1.53,AW_Mar20,4088,55,6,$149,1.36%,10.85%,$2.91
2020-03-03,FB_Mar20,1598,27,8,$118,1.69%,29.63%,$4.37,AW_Mar20,3813,42,5,$141,1.08%,14.52%,$3.36
2020-03-04,FB_Mar20,2552,41,12,$59,1.61%,29.27%,$1.44,AW_Mar20,4078,54,4,$169,1.14%,6.99%,$3.35
2020-03-05,FB_Mar20,3232,44,12,$40,1.36%,27.27%,$0.91,AW_Mar20,4514,60,8,$131,1.31%,13.91%,$2.34
2020-03-06,FB_Mar20,3049,48,15,$92,1.57%,31.25%,$1.92,AW_Mar20,5365,73,6,$110,1.29%,7.81%,$1.55
2020-03-07,FB_Mar20,1715,40,13,$99,2.33%,32.50%,$2.48,AW_Mar20,4420,30,5,$126,0.74%,14.05%,$3.79
2020-03-08,FB_Mar20,1266,26,10,$142,2.05%,38.46%,$5.46,AW_Mar20,4411,77,8,$99,1.56%,12.12%,$1.40
2020-03-09,FB_Mar20,1538,29,9,$107,1.89%,31.03%,$3.69,AW_Mar20,3835,30,7,$185,0.85%,20.06%,$5.56
2020-03-10,FB_Mar20,1975,20,5,$96,1.01%,25.00%,$4.80,AW_Mar20,4585,56,5,$109,1.37%,8.23%,$1.76
2020-03-11,FB_Mar20,1041,58,16,$43,5.57%,27.59%,$0.74,AW_Mar20,4831,81,5,$179,1.69%,6.15%,$2.06
2020-03-12,FB_Mar20,1431,41,11,$105,2.87%,26.83%,$2.56,AW_Mar20,3804,71,7,$99,1.60%,11.20%,$1.54
2020-03-13,FB_Mar20,1327,57,16,$118,4.30%,28.07%,$2.07,AW_Mar20,4487,64,4,$133,1.36%,6.68%,$2.23
2020-03-14,FB_Mar20,1849,59,15,$69,3.19%,25.42%,$1.17,AW_Mar20,5104,40,5,$140,0.80%,11.85%,$3.19
2020-03-15,FB_Mar20,1112,39,9,$116,3.51%,23.08%,$2.97,AW_Mar20,4690,68,8,$106,1.31%,12.60%,$1.61
2020-03-16,FB_Mar20,2055,33,9,$131,1.61%,27.27%,$3.97,AW_Mar20,5719,54,4,$80,1.05%,6.73%,$1.39
2020-03-17,FB_Mar20,1841,32,9,$95,1.74%,28.12%,$2.97,AW_Mar20,5885,50,4,$135,0.99%,6.84%,$2.49
2020-03-18,FB_Mar20,2580,61,17,$76,2.36%,27.87%,$1.25,AW_Mar20,5085,70,7,$96,1.49%,10.75%,$1.38
2020-03-19,FB_Mar20,1720,27,10,$115,1.57%,37.04%,$4.26,AW_Mar20,3950,41,4,$162,1.06%,9.46%,$3.61
2020-03-20,FB_Mar20,1874,40,12,$54,2.13%,30.00%,$1.35,AW_Mar20,4634,36,4,$97,0.67%,10.85%,$2.85
2020-03-21,FB_Mar20,2978,52,11,$100,1.75%,21.15%,$1.92,AW_Mar20,3922,42,6,$112,0.97%,14.76%,$2.74
2020-03-22,FB_Mar20,1131,35,10,$73,3.09%,28.57%,$2.09,AW_Mar20,5410,64,4,$166,1.29%,6.52%,$2.52
2020-03-23,FB_Mar20,2012,37,11,$101,1.84%,29.73%,$2.73,AW_Mar20,5588,50,8,$149,1.07%,14.03%,$2.68
2020-03-24,FB_Mar20,2170,59,13,$103,2.72%,22.03%,$1.75,AW_Mar20,4942,84,9,$99,1.48%,11.42%,$1.27
2020-03-25,FB_Mar20,2109,43,10,$75,2.04%,23.26%,$1.74,AW_Mar20,5170,40,3,$159,0.73%,7.45%,$3.89
2020-03-26,FB_Mar20,3127,42,13,$107,1.34%,30.95%,$2.55,AW_Mar20,3804,64,5,$182,1.74%,7.95%,$2.68
2020-03-27,FB_Mar20,1188,34,8,$140,2.86%,23.53%,$4.12,AW_Mar20,4109,78,7,$109,1.78%,9.03%,$1.47
2020-03-28,FB_Mar20,2515,40,9,$110,1.59%,22.50%,$2.75,AW_Mar20,3940,65,5,$83,1.56%,8.23%,$1.34
2020-03-29,FB_Mar20,1752,26,6,$71,1.48%,23.08%,$2.73,AW_Mar20,4909,42,5,$159,0.77%,12.53%,$3.98
2020-03-30,FB_Mar20,2020,39,11,$115,1.93%,28.21%,$2.95,AW_Mar20,4131,65,5,$100,1.74%,8.01%,$1.51
2020-03-31,FB_Mar20,2663,38,11,$48,1.43%,28.95%,$1.26,AW_Mar20,5375,73,9,$148,1.55%,11.35%,$1.88
2020-04-01,FB_Apr20,2554,29,7,$99,1.14%,24.14%,$3.41,AW_Apr20,4394,60,5,$140,1.35%,8.38%,$2.36
2020-04-02,FB_Apr20,2014,36,10,$59,1.79%,27.78%,$1.64,AW_Apr20,5038,78,8,$113,1.50%,11.89%,$1.56
2020-04-03,FB_Apr20,2951,35,12,$43,1.19%,34.29%,$1.23,AW_Apr20,4202,60,7,$171,1.46%,12.10%,$3.03
2020-04-04,FB_Apr20,1633,54,14,$65,3.31%,25.93%,$1.20,AW_Apr20,4669,79,5,$117,1.82%,6.22%,$1.43
2020-04-05,FB_Apr20,1040,57,14,$126,5.48%,24.56%,$2.21,AW_Apr20,4831,61,5,$157,1.32%,8.24%,$2.54
2020-04-06,FB_Apr20,2806,37,9,$102,1.32%,24.32%,$2.76,AW_Apr20,4570,82,7,$182,1.62%,7.64%,$2.40
2020-04-07,FB_Apr20,3002,46,10,$108,1.53%,21.74%,$2.35,AW_Apr20,4192,35,5,$114,0.91%,13.52%,$3.23
2020-04-08,FB_Apr20,1840,26,6,$58,1.41%,23.08%,$2.23,AW_Apr20,4483,59,4,$122,1.32%,6.64%,$2.00
2020-04-09,FB_Apr20,3172,42,8,$60,1.32%,19.05%,$1.43,AW_Apr20,3680,70,7,$185,1.65%,11.15%,$2.85
2020-04-10,FB_Apr20,1432,62,14,$92,4.33%,22.58%,$1.48,AW_Apr20,3739,89,10,$90,2.13%,11.03%,$1.08
2020-04-11,FB_Apr20,1169,36,9,$70,3.08%,25.00%,$1.94,AW_Apr20,4449,33,5,$110,0.76%,13.52%,$3.14
2020-04-12,FB_Apr20,1880,22,5,$74,1.17%,22.73%,$3.36,AW_Apr20,5144,42,3,$173,0.91%,7.27%,$3.92
2020-04-13,FB_Apr20,1857,43,14,$69,2.32%,32.56%,$1.60,AW_Apr20,5004,61,5,$109,1.09%,8.49%,$1.90
2020-04-14,FB_Apr20,2065,57,12,$114,2.76%,21.05%,$2.00,AW_Apr20,6077,79,6,$160,1.34%,8.93%,$2.10
2020-04-15,FB_Apr20,1583,40,12,$80,2.53%,30.00%,$2.00,AW_Apr20,4331,43,6,$152,1.20%,15.44%,$3.18
2020-04-16,FB_Apr20,2052,37,10,$114,1.80%,27.03%,$3.08,AW_Apr20,4827,60,8,$150,1.22%,13.08%,$2.42
2020-04-17,FB_Apr20,1095,53,15,$78,4.84%,28.30%,$1.47,AW_Apr20,4462,47,7,$135,0.97%,16.12%,$3.01
2020-04-18,FB_Apr20,1110,34,11,$66,3.06%,32.35%,$1.94,AW_Apr20,3767,37,4,$92,0.90%,10.84%,$2.69
2020-04-19,FB_Apr20,3054,32,11,$108,1.05%,34.38%,$3.38,AW_Apr20,4024,48,7,$171,1.23%,14.76%,$3.34
2020-04-20,FB_Apr20,3076,47,13,$89,1.53%,27.66%,$1.89,AW_Apr20,5831,85,7,$154,1.55%,9.72%,$1.81
2020-04-21,FB_Apr20,3075,59,17,$120,1.92%,28.81%,$2.03,AW_Apr20,5223,65,4,$154,1.22%,6.69%,$2.61
2020-04-22,FB_Apr20,2132,41,10,$126,1.92%,24.39%,$3.07,AW_Apr20,5380,62,8,$173,1.22%,12.47%,$2.58
2020-04-23,FB_Apr20,2608,52,13,$111,1.99%,25.00%,$2.13,AW_Apr20,4876,75,10,$132,1.68%,11.51%,$1.72
2020-04-24,FB_Apr20,1641,21,8,$90,1.28%,38.10%,$4.29,AW_Apr20,5553,64,7,$157,1.18%,11.68%,$2.62
2020-04-25,FB_Apr20,2690,40,12,$48,1.49%,30.00%,$1.20,AW_Apr20,4127,53,6,$108,1.31%,10.64%,$2.03
2020-04-26,FB_Apr20,2888,59,16,$111,2.04%,27.12%,$1.88,AW_Apr20,3895,90,5,$170,2.15%,6.19%,$2.03
2020-04-27,FB_Apr20,1402,50,14,$58,3.57%,28.00%,$1.16,AW_Apr20,4752,36,3,$167,0.81%,7.69%,$4.50
2020-04-28,FB_Apr20,3441,38,11,$55,1.10%,28.95%,$1.45,AW_Apr20,5183,66,8,$155,1.17%,12.48%,$2.32
2020-04-29,FB_Apr20,1592,28,7,$114,1.76%,25.00%,$4.07,AW_Apr20,4820,58,7,$154,1.24%,11.97%,$2.68
2020-04-30,FB_Apr20,1448,21,6,$107,1.45%,28.57%,$5.10,AW_Apr20,5012,80,8,$187,1.51%,9.82%,$2.26
2020-05-01,FB_May20,1244,49,10,$42,3.94%,20.41%,$0.86,AW_May20,4808,63,5,$171,1.59%,6.42%,$2.44
2020-05-02,FB_May20,2217,51,16,$64,2.30%,31.37%,$1.25,AW_May20,4365,63,5,$111,1.42%,7.97%,$1.65
2020-05-03,FB_May20,1308,32,7,$121,2.45%,21.88%,$3.78,AW_May20,4677,40,5,$123,0.85%,13.06%,$3.29
2020-05-04,FB_May20,3040,44,12,$103,1.45%,27.27%,$2.34,AW_May20,4479,58,4,$150,1.33%,6.73%,$2.59
2020-05-05,FB_May20,2553,53,15,$62,2.08%,28.30%,$1.17,AW_May20,4851,75,4,$153,1.54%,6.46%,$2.23
2020-05-06,FB_May20,1720,26,6,$69,1.51%,23.08%,$2.65,AW_May20,4563,69,10,$126,1.62%,11.93%,$1.74
2020-05-07,FB_May20,3023,26,6,$99,0.86%,23.08%,$3.81,AW_May20,4408,65,5,$153,1.44%,8.33%,$2.56
2020-05-08,FB_May20,1678,61,18,$82,3.64%,29.51%,$1.34,AW_May20,4846,44,5,$115,0.77%,12.35%,$2.81
2020-05-09,FB_May20,1804,39,10,$130,2.16%,25.64%,$3.33,AW_May20,5161,39,5,$94,0.79%,12.47%,$2.33
2020-05-10,FB_May20,3079,48,13,$112,1.56%,27.08%,$2.33,AW_May20,5029,52,6,$120,0.97%,15.13%,$2.43
2020-05-11,FB_May20,1771,36,11,$53,2.03%,30.56%,$1.47,AW_May20,4701,50,5,$134,1.09%,8.88%,$2.60
2020-05-12,FB_May20,1598,40,14,$60,2.50%,35.00%,$1.50,AW_May20,4073,80,7,$154,1.88%,8.84%,$1.98
2020-05-13,FB_May20,2414,30,10,$56,1.24%,33.33%,$1.87,AW_May20,5200,91,8,$139,1.55%,9.83%,$1.68
2020-05-14,FB_May20,1395,55,11,$79,3.94%,20.00%,$1.44,AW_May20,4315,36,6,$182,0.93%,15.48%,$4.77
2020-05-15,FB_May20,2967,44,13,$96,1.48%,29.55%,$2.18,AW_May20,5205,45,8,$75,0.72%,17.21%,$1.83
2020-05-16,FB_May20,2422,55,16,$76,2.27%,29.09%,$1.38,AW_May20,4214,72,5,$127,1.54%,6.40%,$1.77
2020-05-17,FB_May20,2678,56,17,$46,2.09%,30.36%,$0.82,AW_May20,4439,51,6,$134,1.23%,10.51%,$2.47
2020-05-18,FB_May20,2540,23,10,$129,0.91%,43.48%,$5.61,AW_May20,5869,38,4,$171,0.64%,10.52%,$4.71
2020-05-19,FB_May20,3154,53,14,$49,1.68%,26.42%,$0.92,AW_May20,5557,58,5,$148,0.99%,8.70%,$2.74
2020-05-20,FB_May20,1347,33,10,$114,2.45%,30.30%,$3.45,AW_May20,3652,53,5,$83,1.44%,8.63%,$1.51
2020-05-21,FB_May20,2742,43,11,$86,1.57%,25.58%,$2.00,AW_May20,5599,49,6,$104,0.81%,13.90%,$2.30
2020-05-22,FB_May20,2356,29,7,$55,1.23%,24.14%,$1.90,AW_May20,5354,76,8,$118,1.50%,9.82%,$1.42
2020-05-23,FB_May20,1622,26,6,$44,1.60%,23.08%,$1.69,AW_May20,5041,57,8,$166,1.21%,14.04%,$3.01
2020-05-24,FB_May20,2117,24,6,$85,1.13%,25.00%,$3.54,AW_May20,4660,38,5,$101,0.83%,14.72%,$2.46
2020-05-25,FB_May20,3105,52,12,$43,1.67%,23.08%,$0.83,AW_May20,4651,72,7,$135,1.52%,7.76%,$1.85
2020-05-26,FB_May20,3062,44,13,$50,1.44%,29.55%,$1.14,AW_May20,4515,70,5,$170,1.87%,6.29%,$2.20
2020-05-27,FB_May20,1264,40,13,$110,3.16%,32.50%,$2.75,AW_May20,4728,95,5,$75,1.87%,6.14%,$0.85
2020-05-28,FB_May20,2060,36,9,$99,1.75%,25.00%,$2.75,AW_May20,5119,69,4,$112,1.30%,6.59%,$1.78
2020-05-29,FB_May20,2763,34,8,$43,1.23%,23.53%,$1.26,AW_May20,5063,57,7,$119,1.23%,11.70%,$2.00
2020-05-30,FB_May20,2535,45,11,$84,1.78%,24.44%,$1.87,AW_May20,5548,76,8,$142,1.37%,10.26%,$1.86
2020-05-31,FB_May20,1957,22,10,$94,1.12%,45.45%,$4.27,AW_May20,5046,45,4,$113,1.03%,9.19%,$2.37
2020-06-01,FB_Jun20,1460,39,12,$79,2.67%,30.77%,$2.03,AW_Jun20,4069,56,6,$84,1.45%,10.19%,$1.46
2020-06-02,FB_Jun20,1637,33,11,$107,2.02%,33.33%,$3.24,AW_Jun20,5252,47,5,$178,0.86%,11.67%,$3.95
2020-06-03,FB_Jun20,2685,58,15,$73,2.16%,25.86%,$1.26,AW_Jun20,5132,60,7,$179,1.13%,12.14%,$3.19
2020-06-04,FB_Jun20,1432,36,10,$99,2.51%,27.78%,$2.75,AW_Jun20,4906,69,5,$167,1.38%,6.37%,$2.28
2020-06-05,FB_Jun20,1898,51,12,$84,2.69%,23.53%,$1.65,AW_Jun20,4766,43,6,$133,1.03%,15.33%,$2.75
2020-06-06,FB_Jun20,2323,23,7,$112,0.99%,30.43%,$4.87,AW_Jun20,5715,72,5,$163,1.32%,6.42%,$2.31
2020-06-07,FB_Jun20,2653,48,14,$46,1.81%,29.17%,$0.96,AW_Jun20,4994,76,5,$114,1.43%,7.87%,$1.64
2020-06-08,FB_Jun20,2780,51,16,$107,1.83%,31.37%,$2.10,AW_Jun20,5167,60,5,$141,1.10%,8.33%,$2.35
2020-06-09,FB_Jun20,1416,38,7,$76,2.68%,18.42%,$2.00,AW_Jun20,3910,54,7,$124,1.45%,12.12%,$2.20
2020-06-10,FB_Jun20,1577,30,11,$71,1.90%,36.67%,$2.37,AW_Jun20,4133,79,5,$174,2.25%,6.18%,$2.05
2020-06-11,FB_Jun20,1829,43,10,$144,2.35%,23.26%,$3.35,AW_Jun20,4728,55,7,$121,1.08%,12.53%,$2.27
2020-06-12,FB_Jun20,1784,40,14,$57,2.24%,35.00%,$1.43,AW_Jun20,4429,79,6,$119,1.76%,7.50%,$1.49
2020-06-13,FB_Jun20,3203,54,13,$88,1.69%,24.07%,$1.63,AW_Jun20,4539,59,9,$184,1.27%,14.26%,$3.41
2020-06-14,FB_Jun20,1890,31,9,$82,1.64%,29.03%,$2.65,AW_Jun20,3884,54,4,$128,1.53%,6.69%,$2.16
2020-06-15,FB_Jun20,2450,34,8,$56,1.39%,23.53%,$1.65,AW_Jun20,4881,36,4,$188,0.90%,10.00%,$4.70
2020-06-16,FB_Jun20,1517,38,12,$56,2.50%,31.58%,$1.47,AW_Jun20,5827,81,10,$189,1.41%,11.65%,$2.51
2020-06-17,FB_Jun20,1392,50,16,$63,3.59%,32.00%,$1.26,AW_Jun20,5138,57,8,$113,1.08%,14.52%,$2.14
2020-06-18,FB_Jun20,1446,54,14,$89,3.73%,25.93%,$1.65,AW_Jun20,5304,83,7,$186,1.48%,8.58%,$2.22
2020-06-19,FB_Jun20,2404,31,8,$79,1.29%,25.81%,$2.55,AW_Jun20,5279,81,9,$109,1.49%,11.43%,$1.40
2020-06-20,FB_Jun20,1973,62,17,$104,3.14%,27.42%,$1.68,AW_Jun20,5466,69,6,$91,1.44%,7.63%,$1.20
2020-06-21,FB_Jun20,2439,34,10,$83,1.39%,29.41%,$2.44,AW_Jun20,5004,73,8,$174,1.25%,12.51%,$2.61
2020-06-22,FB_Jun20,1719,33,10,$134,1.92%,30.30%,$4.06,AW_Jun20,5112,72,6,$168,1.56%,7.50%,$2.10
2020-06-23,FB_Jun20,1238,30,9,$132,2.42%,30.00%,$4.40,AW_Jun20,4598,52,5,$104,1.18%,8.82%,$1.99
2020-06-24,FB_Jun20,1783,55,12,$58,3.08%,21.82%,$1.05,AW_Jun20,3833,50,7,$100,1.25%,12.94%,$1.99
2020-06-25,FB_Jun20,1765,50,12,$102,2.83%,24.00%,$2.04,AW_Jun20,3976,68,5,$180,1.86%,6.40%,$2.52
2020-06-26,FB_Jun20,2292,40,8,$52,1.75%,20.00%,$1.30,AW_Jun20,5040,54,4,$168,1.00%,6.98%,$3.34
2020-06-27,FB_Jun20,1893,41,9,$87,2.17%,21.95%,$2.12,AW_Jun20,5424,76,8,$130,1.62%,11.18%,$1.61
2020-06-28,FB_Jun20,2457,36,11,$84,1.47%,30.56%,$2.33,AW_Jun20,4682,64,5,$105,1.35%,8.10%,$1.63
2020-06-29,FB_Jun20,1762,50,11,$129,2.84%,22.00%,$2.58,AW_Jun20,4963,45,7,$149,1.02%,15.50%,$3.13
2020-06-30,FB_Jun20,1911,51,13,$48,2.67%,25.49%,$0.94,AW_Jun20,4303,50,6,$161,1.25%,10.60%,$3.01
2020-07-01,FB_Jul20,1380,45,11,$68,3.26%,24.44%,$1.51,AW_Jul20,4671,81,6,$160,1.65%,9.00%,$2.13
2020-07-02,FB_Jul20,1606,31,7,$62,1.93%,22.58%,$2.00,AW_Jul20,5168,77,8,$81,1.29%,10.39%,$1.09
2020-07-03,FB_Jul20,1645,31,7,$95,1.88%,22.58%,$3.06,AW_Jul20,3691,93,6,$110,2.22%,7.36%,$1.30
2020-07-04,FB_Jul20,1375,43,12,$119,3.13%,27.91%,$2.77,AW_Jul20,4890,58,6,$161,1.03%,10.61%,$3.00
2020-07-05,FB_Jul20,2147,43,12,$41,2.00%,27.91%,$0.95,AW_Jul20,4401,47,7,$129,1.03%,16.59%,$2.99
2020-07-06,FB_Jul20,1386,34,11,$98,2.45%,32.35%,$2.88,AW_Jul20,5153,51,6,$178,1.13%,10.51%,$3.27
2020-07-07,FB_Jul20,1393,47,13,$134,3.37%,27.66%,$2.85,AW_Jul20,4484,49,8,$111,1.19%,14.20%,$2.05
2020-07-08,FB_Jul20,1951,49,14,$131,2.51%,28.57%,$2.67,AW_Jul20,4793,53,5,$137,1.26%,8.64%,$2.50
2020-07-09,FB_Jul20,3026,43,11,$43,1.42%,25.58%,$1.00,AW_Jul20,3958,54,6,$134,1.48%,12.03%,$2.35
2020-07-10,FB_Jul20,1148,57,11,$136,4.97%,19.30%,$2.39,AW_Jul20,4277,52,4,$173,1.11%,9.12%,$3.57
2020-07-11,FB_Jul20,1991,55,12,$103,2.76%,21.82%,$1.87,AW_Jul20,5088,85,8,$109,1.68%,10.06%,$1.38
2020-07-12,FB_Jul20,2866,37,12,$64,1.29%,32.43%,$1.73,AW_Jul20,5272,82,7,$150,1.41%,8.75%,$1.88
2020-07-13,FB_Jul20,2876,48,13,$103,1.67%,27.08%,$2.15,AW_Jul20,4040,47,3,$132,1.11%,7.11%,$2.79
2020-07-14,FB_Jul20,1106,30,6,$114,2.71%,20.00%,$3.80,AW_Jul20,5659,68,5,$109,1.40%,6.37%,$1.49
2020-07-15,FB_Jul20,3001,59,19,$47,1.97%,32.20%,$0.80,AW_Jul20,5098,46,4,$169,0.90%,9.38%,$3.70
2020-07-16,FB_Jul20,2650,54,12,$76,2.04%,22.22%,$1.41,AW_Jul20,4207,61,8,$187,1.75%,10.93%,$2.77
2020-07-17,FB_Jul20,2276,53,14,$52,2.33%,26.42%,$0.98,AW_Jul20,4690,73,6,$117,1.66%,7.76%,$1.62
2020-07-18,FB_Jul20,3265,39,10,$87,1.19%,25.64%,$2.23,AW_Jul20,4959,84,8,$190,1.57%,11.18%,$2.34
2020-07-19,FB_Jul20,2218,29,10,$135,1.31%,34.48%,$4.66,AW_Jul20,3946,38,7,$79,0.90%,18.19%,$2.09
2020-07-20,FB_Jul20,2780,59,17,$59,2.12%,28.81%,$1.00,AW_Jul20,4512,43,4,$131,0.97%,9.85%,$3.17
2020-07-21,FB_Jul20,1376,33,10,$88,2.40%,30.30%,$2.67,AW_Jul20,4935,82,5,$110,1.68%,6.28%,$1.41
2020-07-22,FB_Jul20,1379,53,14,$93,3.84%,26.42%,$1.75,AW_Jul20,4929,79,5,$103,1.47%,6.33%,$1.36
2020-07-23,FB_Jul20,2574,54,12,$109,2.10%,22.22%,$2.02,AW_Jul20,4472,60,6,$81,1.33%,10.34%,$1.44
2020-07-24,FB_Jul20,1157,52,12,$112,4.49%,23.08%,$2.15,AW_Jul20,4653,62,8,$172,1.17%,13.78%,$3.03
2020-07-25,FB_Jul20,2548,62,18,$47,2.43%,29.03%,$0.76,AW_Jul20,4899,49,6,$119,1.08%,10.71%,$2.26
2020-07-26,FB_Jul20,3186,43,14,$69,1.35%,32.56%,$1.60,AW_Jul20,4511,69,7,$130,1.55%,9.04%,$1.75
2020-07-27,FB_Jul20,2141,63,12,$100,2.94%,19.05%,$1.59,AW_Jul20,4896,75,7,$181,1.45%,9.01%,$2.41
2020-07-28,FB_Jul20,1113,37,14,$74,3.32%,37.84%,$2.00,AW_Jul20,4982,71,9,$83,1.59%,11.41%,$1.06
2020-07-29,FB_Jul20,2120,41,11,$83,1.93%,26.83%,$2.02,AW_Jul20,3933,39,3,$167,0.86%,7.70%,$4.51
2020-07-30,FB_Jul20,2277,47,13,$106,2.06%,27.66%,$2.26,AW_Jul20,5028,71,8,$176,1.69%,10.14%,$2.27
2020-07-31,FB_Jul20,1612,50,14,$44,3.10%,28.00%,$0.88,AW_Jul20,5704,89,9,$155,1.57%,9.83%,$1.87
2020-08-01,FB_Aug20,1297,72,17,$119,5.55%,23.61%,$1.65,AW_Aug20,4873,40,6,$111,0.92%,14.72%,$2.70
2020-08-02,FB_Aug20,2177,56,13,$50,2.57%,23.21%,$0.89,AW_Aug20,6066,63,8,$115,1.06%,13.44%,$1.94
2020-08-03,FB_Aug20,2744,35,8,$57,1.28%,22.86%,$1.63,AW_Aug20,5014,63,6,$185,1.22%,9.42%,$2.73
2020-08-04,FB_Aug20,1883,24,10,$79,1.27%,41.67%,$3.29,AW_Aug20,4218,63,5,$102,1.32%,8.23%,$1.64
2020-08-05,FB_Aug20,2460,32,8,$112,1.30%,25.00%,$3.50,AW_Aug20,5857,44,3,$121,0.81%,7.19%,$2.66
2020-08-06,FB_Aug20,2198,57,15,$138,2.59%,26.32%,$2.42,AW_Aug20,3995,84,10,$88,2.14%,10.70%,$1.00
2020-08-07,FB_Aug20,1344,52,15,$66,3.87%,28.85%,$1.27,AW_Aug20,4781,46,7,$134,0.95%,16.86%,$3.17
2020-08-08,FB_Aug20,3064,35,11,$122,1.14%,31.43%,$3.49,AW_Aug20,4261,57,7,$141,1.31%,12.37%,$2.60
2020-08-09,FB_Aug20,3107,45,11,$68,1.45%,24.44%,$1.51,AW_Aug20,4039,44,3,$112,1.18%,7.18%,$2.44
2020-08-10,FB_Aug20,1072,55,15,$52,5.13%,27.27%,$0.95,AW_Aug20,4812,61,5,$158,1.25%,8.50%,$2.76
2020-08-11,FB_Aug20,2915,34,10,$53,1.17%,29.41%,$1.56,AW_Aug20,4001,51,3,$142,1.23%,7.01%,$2.87
2020-08-12,FB_Aug20,2410,37,8,$92,1.54%,21.62%,$2.49,AW_Aug20,3789,65,6,$137,1.58%,9.83%,$2.20
2020-08-13,FB_Aug20,2611,46,12,$91,1.76%,26.09%,$1.98,AW_Aug20,4524,83,8,$181,1.89%,9.72%,$2.13
2020-08-14,FB_Aug20,2237,27,9,$54,1.21%,33.33%,$2.00,AW_Aug20,6105,85,5,$155,1.42%,6.24%,$1.92
2020-08-15,FB_Aug20,2480,22,7,$72,0.89%,31.82%,$3.27,AW_Aug20,6029,38,3,$165,0.74%,7.44%,$4.01
2020-08-16,FB_Aug20,2402,55,15,$46,2.29%,27.27%,$0.84,AW_Aug20,4134,79,9,$101,2.01%,11.57%,$1.32
2020-08-17,FB_Aug20,1700,44,10,$127,2.59%,22.73%,$2.89,AW_Aug20,3567,62,7,$121,1.77%,11.02%,$1.82
2020-08-18,FB_Aug20,1308,53,13,$78,4.05%,24.53%,$1.47,AW_Aug20,4885,71,7,$122,1.53%,9.31%,$1.76
2020-08-19,FB_Aug20,3031,32,8,$111,1.06%,25.00%,$3.47,AW_Aug20,5671,62,5,$186,1.30%,7.96%,$2.75
2020-08-20,FB_Aug20,3016,59,15,$69,1.96%,25.42%,$1.17,AW_Aug20,5850,67,4,$116,1.11%,6.64%,$1.91
2020-08-21,FB_Aug20,1713,41,10,$54,2.39%,24.39%,$1.32,AW_Aug20,5511,29,4,$182,0.57%,11.22%,$5.65
2020-08-22,FB_Aug20,1642,43,9,$85,2.62%,20.93%,$1.98,AW_Aug20,4705,48,7,$84,1.01%,15.65%,$1.80
2020-08-23,FB_Aug20,2693,34,10,$37,1.26%,29.41%,$1.09,AW_Aug20,4292,43,6,$113,0.98%,14.35%,$2.64
2020-08-24,FB_Aug20,2581,39,11,$91,1.51%,28.21%,$2.33,AW_Aug20,4485,40,8,$184,0.84%,16.95%,$4.39
2020-08-25,FB_Aug20,2266,27,9,$106,1.19%,33.33%,$3.93,AW_Aug20,5151,59,7,$150,1.27%,11.35%,$2.38
2020-08-26,FB_Aug20,1132,29,9,$83,2.56%,31.03%,$2.86,AW_Aug20,5106,69,7,$186,1.33%,9.25%,$2.63
2020-08-27,FB_Aug20,2874,52,14,$52,1.81%,26.92%,$1.00,AW_Aug20,5358,63,7,$136,1.38%,10.84%,$1.98
2020-08-28,FB_Aug20,1515,42,9,$107,2.77%,21.43%,$2.55,AW_Aug20,5157,60,8,$83,1.16%,13.80%,$1.47
2020-08-29,FB_Aug20,2475,30,8,$74,1.21%,26.67%,$2.47,AW_Aug20,5384,61,6,$186,1.12%,10.15%,$3.20
2020-08-30,FB_Aug20,2753,39,10,$50,1.42%,25.64%,$1.28,AW_Aug20,4597,41,3,$132,0.81%,7.58%,$3.39
2020-08-31,FB_Aug20,3312,61,15,$98,1.84%,24.59%,$1.61,AW_Aug20,5773,83,6,$174,1.46%,7.47%,$2.15
2020-09-01,FB_Sep20,1863,39,10,$107,2.09%,25.64%,$2.74,AW_Sep20,4574,79,10,$92,1.91%,11.25%,$1.15
2020-09-02,FB_Sep20,3004,52,13,$93,1.73%,25.00%,$1.79,AW_Sep20,4029,53,7,$164,1.12%,15.33%,$3.39
2020-09-03,FB_Sep20,2654,31,7,$131,1.17%,22.58%,$4.23,AW_Sep20,4036,76,8,$87,1.94%,10.39%,$1.17
2020-09-04,FB_Sep20,1202,64,17,$136,5.32%,26.56%,$2.12,AW_Sep20,4076,51,8,$144,1.24%,12.53%,$2.71
2020-09-05,FB_Sep20,2045,35,11,$79,1.71%,31.43%,$2.26,AW_Sep20,4023,54,5,$151,1.17%,8.88%,$2.93
2020-09-06,FB_Sep20,2337,51,16,$43,2.18%,31.37%,$0.84,AW_Sep20,3970,82,8,$175,1.90%,8.66%,$2.14
2020-09-07,FB_Sep20,2047,57,15,$59,2.78%,26.32%,$1.04,AW_Sep20,5197,57,4,$89,1.04%,6.75%,$1.55
2020-09-08,FB_Sep20,2739,33,10,$48,1.20%,30.30%,$1.45,AW_Sep20,6199,46,3,$148,0.84%,7.10%,$3.10
2020-09-09,FB_Sep20,3030,59,12,$64,1.95%,20.34%,$1.08,AW_Sep20,4200,72,9,$125,1.72%,11.27%,$1.57
2020-09-10,FB_Sep20,3114,60,14,$43,1.93%,23.33%,$0.72,AW_Sep20,4749,43,7,$140,0.85%,16.19%,$3.14
2020-09-11,FB_Sep20,2150,60,20,$120,2.79%,33.33%,$2.00,AW_Sep20,3782,58,8,$153,1.37%,14.01%,$2.76
2020-09-12,FB_Sep20,2779,34,8,$60,1.22%,23.53%,$1.76,AW_Sep20,3544,40,6,$112,1.16%,14.07%,$2.55
2020-09-13,FB_Sep20,1339,37,8,$130,2.76%,21.62%,$3.51,AW_Sep20,4236,70,4,$124,1.70%,6.44%,$1.78
2020-09-14,FB_Sep20,1519,40,12,$72,2.63%,30.00%,$1.80,AW_Sep20,5246,70,5,$178,1.29%,8.13%,$2.78
2020-09-15,FB_Sep20,2692,29,10,$128,1.08%,34.48%,$4.41,AW_Sep20,5627,68,4,$78,1.21%,6.54%,$1.20
2020-09-16,FB_Sep20,1647,41,12,$107,2.49%,29.27%,$2.61,AW_Sep20,3801,66,8,$136,1.53%,13.17%,$2.21
2020-09-17,FB_Sep20,2606,58,14,$66,2.23%,24.14%,$1.14,AW_Sep20,5168,89,5,$192,1.60%,6.19%,$2.29
2020-09-18,FB_Sep20,2029,51,16,$116,2.51%,31.37%,$2.27,AW_Sep20,4335,76,7,$142,1.63%,8.83%,$1.81
2020-09-19,FB_Sep20,2953,60,13,$86,2.03%,21.67%,$1.43,AW_Sep20,4760,84,6,$123,1.64%,7.56%,$1.58
2020-09-20,FB_Sep20,2214,59,15,$48,2.66%,25.42%,$0.81,AW_Sep20,4679,42,5,$109,0.89%,11.83%,$2.48
2020-09-21,FB_Sep20,1270,41,9,$127,3.23%,21.95%,$3.10,AW_Sep20,5226,56,8,$137,0.93%,12.89%,$2.70
2020-09-22,FB_Sep20,3153,34,7,$118,1.08%,20.59%,$3.47,AW_Sep20,5467,55,8,$144,1.09%,13.31%,$2.39
2020-09-23,FB_Sep20,2120,32,8,$113,1.51%,25.00%,$3.53,AW_Sep20,4313,85,6,$191,1.83%,7.56%,$2.45
2020-09-24,FB_Sep20,1893,33,12,$104,1.74%,36.36%,$3.15,AW_Sep20,4764,68,9,$182,1.73%,11.63%,$2.41
2020-09-25,FB_Sep20,3236,47,13,$130,1.45%,27.66%,$2.77,AW_Sep20,4139,53,5,$168,1.34%,8.43%,$2.88
2020-09-26,FB_Sep20,2887,61,15,$56,2.11%,24.59%,$0.92,AW_Sep20,5726,65,9,$91,1.18%,12.72%,$1.40
2020-09-27,FB_Sep20,1810,60,16,$71,3.31%,26.67%,$1.18,AW_Sep20,5254,61,4,$153,1.27%,6.52%,$2.33
2020-09-28,FB_Sep20,1656,31,8,$55,1.87%,25.81%,$1.77,AW_Sep20,4231,83,6,$125,2.04%,7.48%,$1.55
2020-09-29,FB_Sep20,2231,64,15,$115,2.87%,23.44%,$1.80,AW_Sep20,3890,36,4,$177,0.96%,10.26%,$4.67
2020-09-30,FB_Sep20,3043,55,13,$57,1.81%,23.64%,$1.04,AW_Sep20,4661,59,7,$134,1.33%,10.01%,$2.24
2020-10-01,FB_Oct20,2074,64,19,$60,3.09%,29.69%,$0.94,AW_Oct20,5212,58,6,$118,1.00%,10.63%,$2.21
2020-10-02,FB_Oct20,3143,60,12,$119,1.91%,20.00%,$1.98,AW_Oct20,5465,78,7,$150,1.42%,9.21%,$2.10
2020-10-03,FB_Oct20,1579,54,17,$94,3.42%,31.48%,$1.74,AW_Oct20,5251,50,7,$180,1.00%,12.94%,$3.57
2020-10-04,FB_Oct20,2452,76,20,$82,3.10%,26.32%,$1.08,AW_Oct20,4931,44,5,$92,0.95%,12.03%,$2.16
2020-10-05,FB_Oct20,2669,54,13,$122,2.02%,24.07%,$2.26,AW_Oct20,5390,77,5,$95,1.52%,6.29%,$1.22
2020-10-06,FB_Oct20,1538,24,8,$115,1.56%,33.33%,$4.79,AW_Oct20,5706,37,5,$185,0.71%,12.47%,$4.62
2020-10-07,FB_Oct20,2455,37,9,$113,1.51%,24.32%,$3.05,AW_Oct20,3868,73,6,$129,1.78%,9.30%,$1.85
2020-10-08,FB_Oct20,3380,39,8,$48,1.15%,20.51%,$1.23,AW_Oct20,4368,76,7,$143,1.69%,9.20%,$2.00
2020-10-09,FB_Oct20,2617,60,14,$62,2.29%,23.33%,$1.03,AW_Oct20,4896,61,5,$162,1.45%,8.04%,$2.46
2020-10-10,FB_Oct20,1985,33,12,$53,1.66%,36.36%,$1.61,AW_Oct20,4481,73,6,$168,1.66%,7.50%,$2.09
2020-10-11,FB_Oct20,1499,26,8,$106,1.73%,30.77%,$4.08,AW_Oct20,4763,41,6,$99,0.90%,14.31%,$2.31
2020-10-12,FB_Oct20,2828,40,10,$57,1.41%,25.00%,$1.43,AW_Oct20,5168,46,4,$82,1.05%,9.02%,$1.66
2020-10-13,FB_Oct20,1903,34,9,$122,1.79%,26.47%,$3.59,AW_Oct20,4934,85,6,$164,1.71%,7.25%,$1.84
2020-10-14,FB_Oct20,2663,59,14,$134,2.22%,23.73%,$2.27,AW_Oct20,4931,74,8,$104,1.37%,12.30%,$1.53
2020-10-15,FB_Oct20,2057,41,11,$114,1.99%,26.83%,$2.78,AW_Oct20,5769,55,4,$153,0.96%,6.91%,$2.93
2020-10-16,FB_Oct20,1825,52,12,$81,2.85%,23.08%,$1.56,AW_Oct20,4102,54,9,$87,1.31%,14.76%,$1.70
2020-10-17,FB_Oct20,1298,49,13,$51,3.78%,26.53%,$1.04,AW_Oct20,4833,37,7,$104,0.78%,17.45%,$2.58
2020-10-18,FB_Oct20,1393,53,11,$124,3.80%,20.75%,$2.34,AW_Oct20,5645,41,3,$110,0.76%,7.50%,$2.76
2020-10-19,FB_Oct20,2007,50,12,$120,2.49%,24.00%,$2.40,AW_Oct20,4014,47,5,$139,1.35%,8.96%,$2.76
2020-10-20,FB_Oct20,2475,53,12,$126,2.14%,22.64%,$2.38,AW_Oct20,3672,63,5,$88,1.71%,8.09%,$1.35
2020-10-21,FB_Oct20,2497,62,17,$92,2.48%,27.42%,$1.48,AW_Oct20,5232,44,7,$109,0.95%,15.55%,$2.30
2020-10-22,FB_Oct20,1588,59,17,$43,3.72%,28.81%,$0.73,AW_Oct20,5735,78,5,$74,1.39%,6.30%,$0.96
2020-10-23,FB_Oct20,2112,76,18,$99,3.60%,23.68%,$1.30,AW_Oct20,5281,51,6,$99,1.05%,10.42%,$1.79
2020-10-24,FB_Oct20,2490,42,10,$89,1.69%,23.81%,$2.12,AW_Oct20,5727,78,6,$193,1.35%,7.70%,$2.60
2020-10-25,FB_Oct20,1775,46,14,$84,2.59%,30.43%,$1.83,AW_Oct20,4139,74,9,$153,1.75%,10.25%,$2.01
2020-10-26,FB_Oct20,3055,59,12,$124,1.93%,20.34%,$2.10,AW_Oct20,5328,56,7,$149,1.03%,14.57%,$2.85
2020-10-27,FB_Oct20,1438,58,13,$124,4.03%,22.41%,$2.14,AW_Oct20,4584,61,8,$77,1.47%,10.94%,$1.14
2020-10-28,FB_Oct20,1749,58,14,$126,3.32%,24.14%,$2.17,AW_Oct20,3467,51,4,$144,1.29%,9.13%,$2.97
2020-10-29,FB_Oct20,1458,35,11,$130,2.40%,31.43%,$3.71,AW_Oct20,4649,68,7,$82,1.37%,11.35%,$1.30
2020-10-30,FB_Oct20,2274,64,19,$70,2.81%,29.69%,$1.09,AW_Oct20,4270,52,6,$179,1.17%,10.60%,$3.34
2020-10-31,FB_Oct20,3143,61,20,$85,1.94%,32.79%,$1.39,AW_Oct20,4153,37,5,$189,0.94%,12.93%,$4.99
2020-11-01,FB_Nov20,1619,75,16,$48,4.63%,21.33%,$0.64,AW_Nov20,4647,78,8,$102,1.70%,10.30%,$1.36
2020-11-02,FB_Nov20,2790,30,11,$127,1.08%,36.67%,$4.23,AW_Nov20,3899,74,6,$115,1.93%,7.73%,$1.57
2020-11-03,FB_Nov20,1552,42,10,$83,2.71%,23.81%,$1.98,AW_Nov20,4096,49,4,$142,1.15%,6.91%,$2.72
2020-11-04,FB_Nov20,2464,50,12,$102,2.03%,24.00%,$2.04,AW_Nov20,5117,45,6,$97,0.96%,13.10%,$1.95
2020-11-05,FB_Nov20,1830,36,8,$95,1.97%,22.22%,$2.64,AW_Nov20,5548,46,3,$135,0.83%,7.14%,$2.88
2020-11-06,FB_Nov20,2856,47,12,$73,1.65%,25.53%,$1.55,AW_Nov20,4488,62,9,$166,1.34%,12.70%,$2.56
2020-11-07,FB_Nov20,2790,32,8,$69,1.15%,25.00%,$2.16,AW_Nov20,6066,78,10,$111,1.42%,11.32%,$1.40
2020-11-08,FB_Nov20,1696,42,11,$61,2.48%,26.19%,$1.45,AW_Nov20,5253,44,5,$111,0.82%,11.99%,$2.59
2020-11-09,FB_Nov20,1560,38,14,$83,2.44%,36.84%,$2.18,AW_Nov20,4819,52,4,$117,1.25%,6.71%,$2.00
2020-11-10,FB_Nov20,2386,54,13,$135,2.26%,24.07%,$2.50,AW_Nov20,4435,49,4,$73,1.14%,6.92%,$1.40
2020-11-11,FB_Nov20,2659,69,16,$43,2.59%,23.19%,$0.62,AW_Nov20,5764,42,4,$189,0.81%,9.57%,$4.32
2020-11-12,FB_Nov20,1757,62,15,$38,3.53%,24.19%,$0.61,AW_Nov20,5011,43,4,$174,0.93%,9.57%,$3.96
2020-11-13,FB_Nov20,2275,39,10,$112,1.71%,25.64%,$2.87,AW_Nov20,4251,55,5,$181,1.35%,8.29%,$2.99
2020-11-14,FB_Nov20,1367,48,13,$94,3.51%,27.08%,$1.96,AW_Nov20,5679,83,6,$95,1.61%,7.39%,$1.13
2020-11-15,FB_Nov20,2486,66,18,$88,2.65%,27.27%,$1.33,AW_Nov20,3839,52,7,$131,1.40%,12.49%,$2.46
2020-11-16,FB_Nov20,2294,38,11,$106,1.66%,28.95%,$2.79,AW_Nov20,4363,58,6,$172,1.44%,10.00%,$2.86
2020-11-17,FB_Nov20,1909,51,12,$80,2.67%,23.53%,$1.57,AW_Nov20,3989,83,8,$126,2.06%,10.06%,$1.59
2020-11-18,FB_Nov20,2638,60,15,$83,2.27%,25.00%,$1.38,AW_Nov20,4566,85,9,$130,1.74%,9.71%,$1.53
2020-11-19,FB_Nov20,2643,63,15,$103,2.38%,23.81%,$1.63,AW_Nov20,6240,67,9,$86,1.30%,10.41%,$1.16
2020-11-20,FB_Nov20,1352,33,9,$91,2.44%,27.27%,$2.76,AW_Nov20,5523,75,5,$197,1.37%,7.88%,$2.84
2020-11-21,FB_Nov20,1335,58,12,$76,4.34%,20.69%,$1.31,AW_Nov20,3911,55,5,$114,1.32%,8.95%,$2.25
2020-11-22,FB_Nov20,2185,34,10,$72,1.56%,29.41%,$2.12,AW_Nov20,4568,50,6,$187,1.18%,10.83%,$3.63
2020-11-23,FB_Nov20,2359,52,15,$125,2.20%,28.85%,$2.40,AW_Nov20,3850,85,8,$87,2.02%,9.93%,$1.07
2020-11-24,FB_Nov20,3001,60,17,$60,2.00%,28.33%,$1.00,AW_Nov20,6027,70,7,$142,1.26%,10.75%,$2.03
2020-11-25,FB_Nov20,2611,31,9,$59,1.19%,29.03%,$1.90,AW_Nov20,5341,56,5,$128,1.16%,8.45%,$2.21
2020-11-26,FB_Nov20,1764,54,13,$142,3.06%,24.07%,$2.63,AW_Nov20,4259,74,5,$187,1.66%,6.30%,$2.42
2020-11-27,FB_Nov20,1975,68,14,$109,3.44%,20.59%,$1.60,AW_Nov20,4361,54,8,$162,1.23%,13.60%,$2.79
2020-11-28,FB_Nov20,2630,45,10,$55,1.71%,22.22%,$1.22,AW_Nov20,4301,43,3,$119,1.10%,7.19%,$2.60
2020-11-29,FB_Nov20,1868,41,10,$64,2.19%,24.39%,$1.56,AW_Nov20,5105,45,7,$159,0.78%,17.24%,$3.89
2020-11-30,FB_Nov20,2272,52,12,$71,2.29%,23.08%,$1.37,AW_Nov20,4551,67,5,$103,1.36%,7.96%,$1.52
2020-12-01,FB_Dec20,1692,57,18,$66,3.37%,31.58%,$1.16,AW_Dec20,4773,72,5,$166,1.45%,8.00%,$2.49
2020-12-02,FB_Dec20,2836,37,12,$99,1.30%,32.43%,$2.68,AW_Dec20,4759,42,3,$131,0.93%,7.20%,$2.88
2020-12-03,FB_Dec20,2523,68,18,$99,2.70%,26.47%,$1.46,AW_Dec20,4888,40,6,$92,0.81%,14.60%,$2.21
2020-12-04,FB_Dec20,2231,37,8,$142,1.66%,21.62%,$3.84,AW_Dec20,4530,48,5,$112,1.04%,8.98%,$2.23
2020-12-05,FB_Dec20,1853,32,9,$112,1.73%,28.12%,$3.50,AW_Dec20,5836,73,8,$82,1.39%,11.71%,$1.10
2020-12-06,FB_Dec20,2220,40,10,$52,1.80%,25.00%,$1.30,AW_Dec20,4292,62,6,$98,1.34%,10.08%,$1.66
2020-12-07,FB_Dec20,2469,43,11,$126,1.74%,25.58%,$2.93,AW_Dec20,5678,74,5,$135,1.32%,6.43%,$1.93
2020-12-08,FB_Dec20,2860,65,15,$117,2.27%,23.08%,$1.80,AW_Dec20,5047,40,3,$177,0.90%,7.29%,$4.04
2020-12-09,FB_Dec20,3131,35,9,$121,1.12%,25.71%,$3.46,AW_Dec20,3683,81,7,$186,2.11%,8.53%,$2.19
2020-12-10,FB_Dec20,1507,61,15,$102,4.05%,24.59%,$1.67,AW_Dec20,4323,30,4,$139,0.66%,11.41%,$4.46
2020-12-11,FB_Dec20,2409,66,14,$60,2.74%,21.21%,$0.91,AW_Dec20,5475,47,5,$148,0.93%,11.04%,$2.97
2020-12-12,FB_Dec20,1477,55,14,$56,3.72%,25.45%,$1.02,AW_Dec20,5315,51,4,$145,1.05%,6.85%,$2.68
2020-12-13,FB_Dec20,1331,58,13,$142,4.36%,22.41%,$2.45,AW_Dec20,5625,51,7,$148,1.06%,12.25%,$2.68
2020-12-14,FB_Dec20,1212,47,12,$46,3.88%,25.53%,$0.98,AW_Dec20,4307,63,5,$97,1.23%,8.40%,$1.65
2020-12-15,FB_Dec20,2456,46,11,$129,1.87%,23.91%,$2.80,AW_Dec20,5157,83,5,$101,1.40%,6.30%,$1.31
2020-12-16,FB_Dec20,2727,73,17,$124,2.68%,23.29%,$1.70,AW_Dec20,4178,88,5,$118,2.17%,6.13%,$1.33
2020-12-17,FB_Dec20,3061,43,11,$84,1.40%,25.58%,$1.95,AW_Dec20,5375,66,6,$166,1.17%,9.70%,$2.59
2020-12-18,FB_Dec20,2050,49,13,$122,2.39%,26.53%,$2.49,AW_Dec20,5649,53,5,$130,1.05%,8.49%,$2.27
2020-12-19,FB_Dec20,3241,61,13,$135,1.88%,21.31%,$2.21,AW_Dec20,4947,70,7,$150,1.49%,9.05%,$2.02
2020-12-20,FB_Dec20,2523,39,12,$50,1.55%,30.77%,$1.28,AW_Dec20,6083,56,7,$129,1.03%,11.76%,$2.17
2020-12-21,FB_Dec20,2011,63,13,$83,3.13%,20.63%,$1.32,AW_Dec20,5021,44,3,$136,0.79%,7.42%,$3.30
2020-12-22,FB_Dec20,2543,75,19,$134,2.95%,25.33%,$1.79,AW_Dec20,4816,66,9,$86,1.43%,12.82%,$1.35
2020-12-23,FB_Dec20,2795,49,11,$139,1.75%,22.45%,$2.84,AW_Dec20,4764,41,3,$80,0.98%,7.22%,$1.78
2020-12-24,FB_Dec20,2062,67,18,$87,3.25%,26.87%,$1.30,AW_Dec20,4614,34,6,$108,0.81%,16.68%,$3.16
2020-12-25,FB_Dec20,2467,58,17,$77,2.35%,29.31%,$1.33,AW_Dec20,5067,76,5,$146,1.54%,6.29%,$1.88
2020-12-26,FB_Dec20,1226,32,11,$119,2.61%,34.38%,$3.72,AW_Dec20,5047,38,7,$91,0.80%,18.09%,$2.37
2020-12-27,FB_Dec20,3292,54,12,$63,1.64%,22.22%,$1.17,AW_Dec20,4897,79,9,$76,1.35%,11.92%,$1.06
2020-12-28,FB_Dec20,1388,71,17,$97,5.12%,23.94%,$1.37,AW_Dec20,3956,48,6,$121,1.27%,13.10%,$2.46
2020-12-29,FB_Dec20,3202,43,14,$49,1.34%,32.56%,$1.14,AW_Dec20,5327,58,7,$128,1.16%,9.85%,$2.08
2020-12-30,FB_Dec20,2183,37,7,$102,1.69%,18.92%,$2.76,AW_Dec20,4309,76,6,$119,1.76%,7.83%,$1.68
2020-12-31,FB_Dec20,1605,63,17,$99,3.93%,26.98%,$1.57,AW_Dec20,4795,48,6,$86,1.01%,13.60%,$1.85
